{  "author":{	"name":"Arastta Core",	"email":"info@arastta.org",	"website":""  },  "theme":{	"name":"Clothy Theme",	"description":"&amp;lt;p&amp;gt;Clothy Theme is the first alternative theme for the Arastta default theme developed by Arastta Core team. With its modern, clean and flat design, you can use Clothy Theme for various eCommerce / shopping websites.&amp;lt;/p&amp;gt;&amp;lt;p&amp;gt;Thanks to Customiser feature, you can customise your theme's colors, texts, backgrounds and font settings easily on the fly and without need to know any CSS coding.&amp;lt;/p&amp;gt;",	"type":"fashion",	"version":"1.0.0",	"code":"clothy",	"product_id":"250"  }}